DROP DATABASE IF EXISTS krautundrueben;
CREATE DATABASE IF NOT EXISTS krautundrueben;
USE krautundrueben;

CREATE TABLE ADRESSE (
	ADRESSEID INTEGER NOT null,
	STRASSE VARCHAR (50),
	HAUSNR VARCHAR (6),
	PLZ VARCHAR (5),
	ORT INTEGER,
	ZUSATZ VARCHAR (100)
);

CREATE TABLE ORT (ORTID INTEGER NOT null, ORT VARCHAR (50));

CREATE TABLE KUNDE (
    KUNDENNR INTEGER NOT NULL,
    NACHNAME VARCHAR(50),
    VORNAME VARCHAR(50),
    GEBURTSDATUM DATE,
    ADRESSEID INTEGER,
    TELEFON VARCHAR(25),
    EMAIL VARCHAR(50)
);

CREATE TABLE ERNAEHRUNGSTREND(
ERNAEHRUNGSID	INTEGER NOT NULL,
ERNAEHRUNGSNAME	VARCHAR(25),
PRIMARY KEY (ERNAEHRUNGSID)
);

CREATE TABLE TRENDZUORDNUNG (
ZUTATENNR	INTEGER NOT NULL,
TRENDNR		INTEGER NOT NULL,
PRIMARY KEY (TRENDNR, ZUTATENNR)
);

CREATE TABLE ZUTAT(
    ZUTATENNR			INTEGER NOT NULL,
    BEZEICHNUNG      VARCHAR(50),
    EINHEIT        	VARCHAR(25),
    NETTOPREIS       DECIMAL(10,2),
    BESTAND          INTEGER,
    LIEFERANT			INTEGER,
	 KALORIEN			INTEGER,
	 KOHLENHYDRATE		DECIMAL (10,2),
	 PROTEIN				DECIMAL(10,2)
);

CREATE TABLE BESTELLUNG (
    BESTELLNR        INTEGER AUTO_INCREMENT NOT NULL,
    KUNDENNR         INTEGER,
    BESTELLDATUM     DATE,
    RECHNUNGSBETRAG  DECIMAL(10,2),
	ADRESSEID		 INTEGER,
    PRIMARY KEY (BESTELLNR)
);

CREATE TABLE BESTELLUNGZUTAT (
    BESTELLNR       INTEGER NOT NULL,
    ZUTATENNR       INTEGER,
    MENGE     		  INTEGER
);

CREATE TABLE LIEFERANT (
    LIEFERANTENNR INTEGER NOT NULL,
    LIEFERANTENNAME VARCHAR(50),
    ADRESSEID INTEGER,
    TELEFON VARCHAR(25),
    EMAIL VARCHAR(50)
);

CREATE TABLE REZEPT(
REZEPTNR INTEGER NOT NULL UNIQUE,
REZEPTNAME VARCHAR(50) NOT NULL,
PREIS DECIMAL(10,2),
KALORIEN			INTEGER,
KOHLENHYDRATE		DECIMAL (10,2),
PROTEIN				DECIMAL(10,2),
ZUBEREITUNG			TEXT CHARACTER SET utf8mb4,
PRIMARY KEY (REZEPTNR)
);

CREATE TABLE REZEPTZUTAT (
	REZEPTNR	INTEGER NOT NULL,
	ZUTATENNR	INTEGER NOT NULL,
	MENGE		DECIMAL(5,2));

CREATE TABLE EINHEITEN (
	EINHEIT		VARCHAR(25) NOT NULL UNIQUE
);





/******************************************************************************/
/***                              Primary Keys                              ***/
/******************************************************************************/

ALTER TABLE ADRESSE ADD	PRIMARY KEY (ADRESSEID);
ALTER TABLE	ORT ADD PRIMARY KEY (ORTID);
ALTER TABLE KUNDE ADD PRIMARY KEY (KUNDENNR);
ALTER TABLE ZUTAT ADD PRIMARY KEY (ZUTATENNR);
ALTER TABLE LIEFERANT ADD PRIMARY KEY (LIEFERANTENNR);
ALTER TABLE BESTELLUNGZUTAT ADD PRIMARY KEY (BESTELLNR,ZUTATENNR);
ALTER TABLE REZEPTZUTAT ADD PRIMARY KEY (REZEPTNR, ZUTATENNR);

/******************************************************************************/
/***                              Foreign Keys                              ***/
/******************************************************************************/
ALTER TABLE ADRESSE ADD FOREIGN KEY (ORT) REFERENCES ORT(ORTID);
ALTER TABLE ZUTAT ADD FOREIGN KEY (LIEFERANT) REFERENCES LIEFERANT (LIEFERANTENNR);
ALTER TABLE ZUTAT ADD FOREIGN KEY (EINHEIT) REFERENCES EINHEITEN (EINHEIT);

ALTER TABLE BESTELLUNGZUTAT ADD FOREIGN KEY (BESTELLNR) REFERENCES BESTELLUNG (BESTELLNR);
ALTER TABLE BESTELLUNGZUTAT ADD FOREIGN KEY (ZUTATENNR) REFERENCES ZUTAT (ZUTATENNR);

ALTER TABLE BESTELLUNG ADD FOREIGN KEY (KUNDENNR) REFERENCES KUNDE (KUNDENNR);
ALTER TABLE BESTELLUNG ADD FOREIGN KEY (ADRESSEID) REFERENCES ADRESSE (ADRESSEID);

ALTER TABLE KUNDE ADD FOREIGN KEY (ADRESSEID) REFERENCES ADRESSE (ADRESSEID);

ALTER TABLE LIEFERANT ADD FOREIGN KEY (ADRESSEID) REFERENCES ADRESSE (ADRESSEID);

ALTER TABLE REZEPTZUTAT ADD FOREIGN KEY (REZEPTNR) REFERENCES REZEPT (REZEPTNR);
ALTER TABLE REZEPTZUTAT ADD FOREIGN KEY (ZUTATENNR) REFERENCES ZUTAT (ZUTATENNR);
ALTER TABLE TRENDZUORDNUNG ADD FOREIGN KEY (ZUTATENNR) REFERENCES ZUTAT (ZUTATENNR);
ALTER TABLE TRENDZUORDNUNG ADD FOREIGN KEY (TRENDNR) REFERENCES ERNAEHRUNGSTREND (ERNAEHRUNGSID);


/********************************************************************************/
/***						Tabellen mit Daten füllen						  ***/
/********************************************************************************/

USE krautundrueben;

/******************************************************************************/
/***                              Inhalt Ort                                ***/
/******************************************************************************/
INSERT INTO ORT (ORTID, ORT) VALUES	(0001, 'Hamburg');
INSERT INTO	ORT (ORTID, ORT) VALUES (0002, 'Barsbüttel');
INSERT INTO ORT (ORTID, ORT) VALUES (0003, 'Weseby');
INSERT INTO	ORT (ORTID, ORT) VALUES (0004, 'Jork');
INSERT INTO ORT (ORTID, ORT) VALUES (0005, 'Dechow');

/******************************************************************************/
/***                              Inhalt Adresse                            ***/
/******************************************************************************/
INSERT INTO	ADRESSE (AdresseID, Strasse, hausnr, plz, ort) VALUES (2001,'Eppendorfer Landstrasse','104','20249',0001);
INSERT INTO	ADRESSE (AdresseID, Strasse, hausnr, plz, ort) VALUES (2002, 'Ohmstraße', '23', '22765', 0001);
INSERT INTO	ADRESSE (AdresseID, Strasse, hausnr, plz, ort) VALUES (2003, 'Bilser Berg', '6', '20459', 0001);
INSERT INTO	ADRESSE (AdresseID, Strasse, hausnr, plz, ort) VALUES (2004, 'Alter Teichweg', '95', '22049', 0001);
INSERT INTO	ADRESSE (AdresseID, Strasse, hausnr, plz, ort) VALUES (2005, 'Stübels', '10', '22835', 0002);
INSERT INTO	ADRESSE (AdresseID, Strasse, hausnr, plz, ort) VALUES (2006, 'Grotelertwiete', '4a', '21075', 0001);
INSERT INTO	ADRESSE (AdresseID, Strasse, hausnr, plz, ort) VALUES (2007, 'Küstersweg', '3', '21079', 0001);
INSERT INTO	ADRESSE (AdresseID, Strasse, hausnr, plz, ort) VALUES (2008,'Neugrabener Bahnhofstraße', '30', '21149', 0001);
INSERT INTO	ADRESSE (AdresseID, Strasse, hausnr, plz, ort) VALUES (2009,'Elbchaussee', '228', '22605', 0001);
INSERT INTO ADRESSE (AdresseID, Strasse, hausnr, plz, ort) VALUES (1001, 'Dorfstraße', '74', '24354', 0003);
INSERT INTO	ADRESSE (AdresseID, Strasse, hausnr, plz, ort) VALUES (1002, 'Westerjork', '76', '21635', 0004);
INSERT INTO	ADRESSE (AdresseID, Strasse, hausnr, plz, ort) VALUES (1003, 'Molkereiweg', '13', '19217', 0005);

INSERT INTO KUNDE (KUNDENNR, NACHNAME, VORNAME, GEBURTSDATUM, ADRESSEID, TELEFON, EMAIL) VALUES (2001, 'Wellensteyn','Kira','1990-05-05',2001,'040/443322','k.wellensteyn@yahoo.de');

INSERT INTO KUNDE (KUNDENNR, NACHNAME, VORNAME, GEBURTSDATUM, ADRESSEID, TELEFON, EMAIL) VALUES (2002, 'Foede','Dorothea','2000-03-24',2002,'040/543822','d.foede@web.de');

INSERT INTO KUNDE (KUNDENNR, NACHNAME, VORNAME, GEBURTSDATUM, ADRESSEID, TELEFON, EMAIL) VALUES (2003, 'Leberer','Sigrid','1989-09-21',2003,'0175/1234588','sigrid@leberer.de');

INSERT INTO KUNDE (KUNDENNR, NACHNAME, VORNAME, GEBURTSDATUM, ADRESSEID, TELEFON, EMAIL) VALUES (2004, 'Soerensen','Hanna','1974-04-03',2004,'040/634578','h.soerensen@yahoo.de');

INSERT INTO KUNDE (KUNDENNR, NACHNAME, VORNAME, GEBURTSDATUM, ADRESSEID, TELEFON, EMAIL) VALUES (2005, 'Schnitter','Marten','1964-04-17',2005,'0176/447587','schni_mart@gmail.com');

INSERT INTO KUNDE (KUNDENNR, NACHNAME, VORNAME, GEBURTSDATUM, ADRESSEID, TELEFON, EMAIL) VALUES (2006, 'Maurer','Belinda','1978-09-09',2006,'040/332189','belinda1978@yahoo.de');

INSERT INTO KUNDE (KUNDENNR, NACHNAME, VORNAME, GEBURTSDATUM, ADRESSEID, TELEFON, EMAIL) VALUES (2007, 'Gessert','Armin','1978-01-29',2007,'040/67890','armin@gessert.de');

INSERT INTO KUNDE (KUNDENNR, NACHNAME, VORNAME, GEBURTSDATUM, ADRESSEID, TELEFON, EMAIL) VALUES (2008, 'Haessig','Jean-Marc','1982-08-30',2008,'0178-67013390','jm@haessig.de');

INSERT INTO KUNDE (KUNDENNR, NACHNAME, VORNAME, GEBURTSDATUM, ADRESSEID, TELEFON, EMAIL) VALUES (2009, 'Urocki','Eric','1999-12-04',2009,'0152-96701390','urocki@outlook.de');

INSERT INTO LIEFERANT (LIEFERANTENNR, LIEFERANTENNAME, ADRESSEID, TELEFON, EMAIL) values (101, 'Bio-Hof Müller', 1001, '04354-9080', 'mueller@biohof.de');

INSERT INTO LIEFERANT (LIEFERANTENNR, LIEFERANTENNAME, ADRESSEID, TELEFON, EMAIL) values (102, 'Obst-Hof Altes Land', 1002, '04162-4523', 'info@biohof-altesland.de');

INSERT INTO LIEFERANT (LIEFERANTENNR, LIEFERANTENNAME, ADRESSEID, TELEFON, EMAIL) values (103, 'Molkerei Henning', 1003, '038873-8976', 'info@molkerei-henning.de');

INSERT INTO EINHEITEN (EINHEIT) VALUES ('Stück');
INSERT INTO EINHEITEN (EINHEIT) VALUES ('Bund');
INSERT INTO EINHEITEN (EINHEIT) VALUES ('Paar');
INSERT INTO EINHEITEN (EINHEIT) VALUES ('Packung');
INSERT INTO EINHEITEN (EINHEIT) VALUES ('Liter');
INSERT INTO EINHEITEN (EINHEIT) VALUES ('Dose');
INSERT INTO EINHEITEN (EINHEIT) VALUES ('Würfel');

INSERT INTO ERNAEHRUNGSTREND (ERNAEHRUNGSID, ERNAEHRUNGSNAME) VALUES (1,'Vegan');
INSERT INTO ERNAEHRUNGSTREND (ERNAEHRUNGSID, ERNAEHRUNGSNAME) VALUES (2,'Vegetarisch');
INSERT INTO ERNAEHRUNGSTREND (ERNAEHRUNGSID, ERNAEHRUNGSNAME) VALUES (3,'Frutarisch');
INSERT INTO ERNAEHRUNGSTREND (ERNAEHRUNGSID, ERNAEHRUNGSNAME) VALUES (4,'ohne Gentechnik');
INSERT INTO ERNAEHRUNGSTREND (ERNAEHRUNGSID, ERNAEHRUNGSNAME) VALUES (5,'Laktosefrei');
INSERT INTO ERNAEHRUNGSTREND (ERNAEHRUNGSID, ERNAEHRUNGSNAME) VALUES (6,'Glutenfrei');
INSERT INTO ERNAEHRUNGSTREND (ERNAEHRUNGSID, ERNAEHRUNGSNAME) VALUES (7,'Low Carb');


INSERT INTO ZUTAT (ZUTATENNR, BEZEICHNUNG, EINHEIT, NETTOPREIS, BESTAND, lieferant, KALORIEN, KOHLENHYDRATE, PROTEIN) VALUES (1001,'Zucchini','Stück', 0.89, 100, 101,19,2,1.6);

INSERT INTO ZUTAT (ZUTATENNR, BEZEICHNUNG, EINHEIT, NETTOPREIS, BESTAND, lieferant, KALORIEN, KOHLENHYDRATE, PROTEIN) VALUES (1002,'Zwiebel','Stück', 0.15, 50, 101, 28, 4.9, 1.20);

INSERT INTO ZUTAT (ZUTATENNR, BEZEICHNUNG, EINHEIT, NETTOPREIS, BESTAND, lieferant, KALORIEN, KOHLENHYDRATE, PROTEIN) VALUES (1003, 'Tomate', 'Stück', 0.45, 50, 101, 18, 2.6, 1);

INSERT INTO ZUTAT (ZUTATENNR, BEZEICHNUNG, EINHEIT, NETTOPREIS, BESTAND, lieferant, KALORIEN, KOHLENHYDRATE, PROTEIN) VALUES (1004, 'Schalotte', 'Stück', 0.20, 500, 101, 25, 3.3, 1.5);

INSERT INTO ZUTAT (ZUTATENNR, BEZEICHNUNG, EINHEIT, NETTOPREIS, BESTAND, lieferant, KALORIEN, KOHLENHYDRATE, PROTEIN) VALUES (1005, 'Karotte', 'Stück', 0.30, 500, 101, 41, 10, 0.9);

INSERT INTO ZUTAT (ZUTATENNR, BEZEICHNUNG, EINHEIT, NETTOPREIS, BESTAND, lieferant, KALORIEN, KOHLENHYDRATE, PROTEIN) VALUES (1006, 'Kartoffel', 'Stück', 0.15, 1500, 101, 71, 14.6, 2);

INSERT INTO ZUTAT (ZUTATENNR, BEZEICHNUNG, EINHEIT, NETTOPREIS, BESTAND, lieferant, KALORIEN, KOHLENHYDRATE, PROTEIN) VALUES (1007, 'Rucola', 'Bund', 0.90, 10, 101, 27, 2.1, 2.6);

INSERT INTO ZUTAT (ZUTATENNR, BEZEICHNUNG, EINHEIT, NETTOPREIS, BESTAND, lieferant, KALORIEN, KOHLENHYDRATE, PROTEIN) VALUES (1008, 'Lauch', 'Stück', 1.2, 35, 101, 29, 3.3, 2.1);

INSERT INTO ZUTAT (ZUTATENNR, BEZEICHNUNG, EINHEIT, NETTOPREIS, BESTAND, lieferant, KALORIEN, KOHLENHYDRATE, PROTEIN) VALUES (1009, 'Knoblauch', 'Stück', 0.25, 250, 101, 141, 28.4, 6.1);

INSERT INTO ZUTAT (ZUTATENNR, BEZEICHNUNG, EINHEIT, NETTOPREIS, BESTAND, lieferant, KALORIEN, KOHLENHYDRATE, PROTEIN) VALUES (1010, 'Basilikum', 'Bund', 1.3, 10, 101, 41, 5.1, 3.1);

INSERT INTO ZUTAT (ZUTATENNR, BEZEICHNUNG, EINHEIT, NETTOPREIS, BESTAND, lieferant, KALORIEN, KOHLENHYDRATE, PROTEIN) VALUES (1011, 'Süßkartoffel', 'Stück', 2.0, 200, 101, 86, 20, 1.6);

INSERT INTO ZUTAT (ZUTATENNR, BEZEICHNUNG, EINHEIT, NETTOPREIS, BESTAND, lieferant, KALORIEN, KOHLENHYDRATE, PROTEIN) VALUES (1012, 'Schnittlauch', 'Bund', 0.9, 10, 101, 28, 1, 3);

INSERT INTO ZUTAT (ZUTATENNR, BEZEICHNUNG, EINHEIT, NETTOPREIS, BESTAND, lieferant, KALORIEN, KOHLENHYDRATE, PROTEIN) VALUES (2001, 'Apfel', 'Stück', 1.2, 750, 102, 54, 14.4, 0.3);

INSERT INTO ZUTAT (ZUTATENNR, BEZEICHNUNG, EINHEIT, NETTOPREIS, BESTAND, lieferant, KALORIEN, KOHLENHYDRATE, PROTEIN) VALUES (3001, 'Vollmilch. 3.5%', 'Liter', 1.5, 50, 103, 65, 4.7, 3.4);

INSERT INTO ZUTAT (ZUTATENNR, BEZEICHNUNG, EINHEIT, NETTOPREIS, BESTAND, lieferant, KALORIEN, KOHLENHYDRATE, PROTEIN) VALUES (3002, 'Mozzarella', 'Packung', 3.5, 20, 103, 241, 1, 18.1);

INSERT INTO ZUTAT (ZUTATENNR, BEZEICHNUNG, EINHEIT, NETTOPREIS, BESTAND, lieferant, KALORIEN, KOHLENHYDRATE, PROTEIN) VALUES (3003, 'Butter', 'Stück', 3.0, 50, 103, 741, 0.6, 0.7);

INSERT INTO ZUTAT (ZUTATENNR, BEZEICHNUNG, EINHEIT, NETTOPREIS, BESTAND, lieferant, KALORIEN, KOHLENHYDRATE, PROTEIN) VALUES (4001, 'Ei', 'Stück', 0.4, 300, 102, 137, 1.5, 11.9);

INSERT INTO ZUTAT (ZUTATENNR, BEZEICHNUNG, EINHEIT, NETTOPREIS, BESTAND, lieferant, KALORIEN, KOHLENHYDRATE, PROTEIN) VALUES (5001, 'Wiener Würstchen', 'Paar', 1.8, 40, 101, 331, 1.2, 9.9);

INSERT INTO ZUTAT (ZUTATENNR, BEZEICHNUNG, EINHEIT, NETTOPREIS, BESTAND, lieferant, KALORIEN, KOHLENHYDRATE, PROTEIN) VALUES (9001, 'Tofu-Würstchen', 'Stück', 1.8, 20, 103, 252, 7, 17);

INSERT INTO ZUTAT (ZUTATENNR, BEZEICHNUNG, EINHEIT, NETTOPREIS, BESTAND, lieferant, KALORIEN, KOHLENHYDRATE, PROTEIN) VALUES (6408, 'Couscous', 'Packung', 1.9, 15, 102, 351, 67, 12);

INSERT INTO ZUTAT (ZUTATENNR, BEZEICHNUNG, EINHEIT, NETTOPREIS, BESTAND, lieferant, KALORIEN, KOHLENHYDRATE, PROTEIN) VALUES (7043, 'Gemüsebrühe', 'Würfel', 0.2, 4000, 101, 1, 0.5, 0.5);

INSERT INTO ZUTAT (ZUTATENNR, BEZEICHNUNG, EINHEIT, NETTOPREIS, BESTAND, lieferant, KALORIEN, KOHLENHYDRATE, PROTEIN) VALUES (6300, 'Kichererbsen', 'Dose', 1.0, 400, 103, 150, 21.2, 9);

-- Zuchini
Insert INTO TRENDZUORDNUNG (ZUTATENNR,TRENDNR) VALUES (1001,1);
Insert INTO TRENDZUORDNUNG (ZUTATENNR,TRENDNR) VALUES (1001,2);
Insert INTO TRENDZUORDNUNG (ZUTATENNR,TRENDNR) VALUES (1001,3);
Insert INTO TRENDZUORDNUNG (ZUTATENNR,TRENDNR) VALUES (1001,5);
Insert INTO TRENDZUORDNUNG (ZUTATENNR,TRENDNR) VALUES (1001,6);
Insert INTO TRENDZUORDNUNG (ZUTATENNR,TRENDNR) VALUES (1001,7);

-- Zwiebel
Insert INTO TRENDZUORDNUNG (ZUTATENNR,TRENDNR) VALUES (1002,1);
Insert INTO TRENDZUORDNUNG (ZUTATENNR,TRENDNR) VALUES (1002,2);
Insert INTO TRENDZUORDNUNG (ZUTATENNR,TRENDNR) VALUES (1002,4);
Insert INTO TRENDZUORDNUNG (ZUTATENNR,TRENDNR) VALUES (1002,5);
Insert INTO TRENDZUORDNUNG (ZUTATENNR,TRENDNR) VALUES (1002,6);
Insert INTO TRENDZUORDNUNG (ZUTATENNR,TRENDNR) VALUES (1002,7);

-- Tomate
Insert INTO TRENDZUORDNUNG (ZUTATENNR,TRENDNR) VALUES (1003,1);
Insert INTO TRENDZUORDNUNG (ZUTATENNR,TRENDNR) VALUES (1003,2);
Insert INTO TRENDZUORDNUNG (ZUTATENNR,TRENDNR) VALUES (1003,3);
Insert INTO TRENDZUORDNUNG (ZUTATENNR,TRENDNR) VALUES (1003,5);
Insert INTO TRENDZUORDNUNG (ZUTATENNR,TRENDNR) VALUES (1003,6);
Insert INTO TRENDZUORDNUNG (ZUTATENNR,TRENDNR) VALUES (1003,7);

-- Schalotte
Insert INTO TRENDZUORDNUNG (ZUTATENNR,TRENDNR) VALUES (1004,1);
Insert INTO TRENDZUORDNUNG (ZUTATENNR,TRENDNR) VALUES (1004,2);
Insert INTO TRENDZUORDNUNG (ZUTATENNR,TRENDNR) VALUES (1004,3);
Insert INTO TRENDZUORDNUNG (ZUTATENNR,TRENDNR) VALUES (1004,5);
Insert INTO TRENDZUORDNUNG (ZUTATENNR,TRENDNR) VALUES (1004,6);
Insert INTO TRENDZUORDNUNG (ZUTATENNR,TRENDNR) VALUES (1004,7);

-- Karotte
Insert INTO TRENDZUORDNUNG (ZUTATENNR,TRENDNR) VALUES (1005,1);
Insert INTO TRENDZUORDNUNG (ZUTATENNR,TRENDNR) VALUES (1005,2);
Insert INTO TRENDZUORDNUNG (ZUTATENNR,TRENDNR) VALUES (1005,3);
Insert INTO TRENDZUORDNUNG (ZUTATENNR,TRENDNR) VALUES (1005,4);
Insert INTO TRENDZUORDNUNG (ZUTATENNR,TRENDNR) VALUES (1005,5);
Insert INTO TRENDZUORDNUNG (ZUTATENNR,TRENDNR) VALUES (1005,6);
Insert INTO TRENDZUORDNUNG (ZUTATENNR,TRENDNR) VALUES (1005,7);

-- Kartoffel
Insert INTO TRENDZUORDNUNG (ZUTATENNR,TRENDNR) VALUES (1006,1);
Insert INTO TRENDZUORDNUNG (ZUTATENNR,TRENDNR) VALUES (1006,2);
Insert INTO TRENDZUORDNUNG (ZUTATENNR,TRENDNR) VALUES (1006,3);
Insert INTO TRENDZUORDNUNG (ZUTATENNR,TRENDNR) VALUES (1006,4);
Insert INTO TRENDZUORDNUNG (ZUTATENNR,TRENDNR) VALUES (1006,5);
Insert INTO TRENDZUORDNUNG (ZUTATENNR,TRENDNR) VALUES (1006,6);

-- Rucola
Insert INTO TRENDZUORDNUNG (ZUTATENNR,TRENDNR) VALUES (1007,1);
Insert INTO TRENDZUORDNUNG (ZUTATENNR,TRENDNR) VALUES (1007,2);
Insert INTO TRENDZUORDNUNG (ZUTATENNR,TRENDNR) VALUES (1007,5);
Insert INTO TRENDZUORDNUNG (ZUTATENNR,TRENDNR) VALUES (1007,6);
Insert INTO TRENDZUORDNUNG (ZUTATENNR,TRENDNR) VALUES (1007,7);

-- Lauch
Insert INTO TRENDZUORDNUNG (ZUTATENNR,TRENDNR) VALUES (1008,1);
Insert INTO TRENDZUORDNUNG (ZUTATENNR,TRENDNR) VALUES (1008,2);
Insert INTO TRENDZUORDNUNG (ZUTATENNR,TRENDNR) VALUES (1008,4);
Insert INTO TRENDZUORDNUNG (ZUTATENNR,TRENDNR) VALUES (1008,5);
Insert INTO TRENDZUORDNUNG (ZUTATENNR,TRENDNR) VALUES (1008,6);

-- Knoblauch
Insert INTO TRENDZUORDNUNG (ZUTATENNR,TRENDNR) VALUES (1009,1);
Insert INTO TRENDZUORDNUNG (ZUTATENNR,TRENDNR) VALUES (1009,2);
Insert INTO TRENDZUORDNUNG (ZUTATENNR,TRENDNR) VALUES (1009,4);
Insert INTO TRENDZUORDNUNG (ZUTATENNR,TRENDNR) VALUES (1009,5);
Insert INTO TRENDZUORDNUNG (ZUTATENNR,TRENDNR) VALUES (1009,6);
Insert INTO TRENDZUORDNUNG (ZUTATENNR,TRENDNR) VALUES (1009,7);

-- Basilikum
Insert INTO TRENDZUORDNUNG (ZUTATENNR,TRENDNR) VALUES (1010,1);
Insert INTO TRENDZUORDNUNG (ZUTATENNR,TRENDNR) VALUES (1010,2);
Insert INTO TRENDZUORDNUNG (ZUTATENNR,TRENDNR) VALUES (1010,5);
Insert INTO TRENDZUORDNUNG (ZUTATENNR,TRENDNR) VALUES (1010,6);
Insert INTO TRENDZUORDNUNG (ZUTATENNR,TRENDNR) VALUES (1010,7);

-- Süßkartoffel
Insert INTO TRENDZUORDNUNG (ZUTATENNR,TRENDNR) VALUES (1011,1);
Insert INTO TRENDZUORDNUNG (ZUTATENNR,TRENDNR) VALUES (1011,2);
Insert INTO TRENDZUORDNUNG (ZUTATENNR,TRENDNR) VALUES (1011,3);
Insert INTO TRENDZUORDNUNG (ZUTATENNR,TRENDNR) VALUES (1011,4);
Insert INTO TRENDZUORDNUNG (ZUTATENNR,TRENDNR) VALUES (1011,5);
Insert INTO TRENDZUORDNUNG (ZUTATENNR,TRENDNR) VALUES (1011,6);
Insert INTO TRENDZUORDNUNG (ZUTATENNR,TRENDNR) VALUES (1011,7);

-- Schnittlauch
Insert INTO TRENDZUORDNUNG (ZUTATENNR,TRENDNR) VALUES (1012,1);
Insert INTO TRENDZUORDNUNG (ZUTATENNR,TRENDNR) VALUES (1012,2);
Insert INTO TRENDZUORDNUNG (ZUTATENNR,TRENDNR) VALUES (1012,4);
Insert INTO TRENDZUORDNUNG (ZUTATENNR,TRENDNR) VALUES (1012,5);
Insert INTO TRENDZUORDNUNG (ZUTATENNR,TRENDNR) VALUES (1012,6);
Insert INTO TRENDZUORDNUNG (ZUTATENNR,TRENDNR) VALUES (1012,7);

-- Apfel
Insert INTO TRENDZUORDNUNG (ZUTATENNR,TRENDNR) VALUES (2001,1);
Insert INTO TRENDZUORDNUNG (ZUTATENNR,TRENDNR) VALUES (2001,2);
Insert INTO TRENDZUORDNUNG (ZUTATENNR,TRENDNR) VALUES (2001,3);
Insert INTO TRENDZUORDNUNG (ZUTATENNR,TRENDNR) VALUES (2001,4);
Insert INTO TRENDZUORDNUNG (ZUTATENNR,TRENDNR) VALUES (2001,5);
Insert INTO TRENDZUORDNUNG (ZUTATENNR,TRENDNR) VALUES (2001,6);
Insert INTO TRENDZUORDNUNG (ZUTATENNR,TRENDNR) VALUES (2001,7);

-- Vollmilch
Insert INTO TRENDZUORDNUNG (ZUTATENNR,TRENDNR) VALUES (3001,2);
Insert INTO TRENDZUORDNUNG (ZUTATENNR,TRENDNR) VALUES (3001,6);

-- Mozzarella
Insert INTO TRENDZUORDNUNG (ZUTATENNR,TRENDNR) VALUES (3002,2);
Insert INTO TRENDZUORDNUNG (ZUTATENNR,TRENDNR) VALUES (3002,6);

-- Butter
Insert INTO TRENDZUORDNUNG (ZUTATENNR,TRENDNR) VALUES (3003,2);
Insert INTO TRENDZUORDNUNG (ZUTATENNR,TRENDNR) VALUES (3003,6);
Insert INTO TRENDZUORDNUNG (ZUTATENNR,TRENDNR) VALUES (3003,7);

-- Ei
Insert INTO TRENDZUORDNUNG (ZUTATENNR,TRENDNR) VALUES (4001,2);
Insert INTO TRENDZUORDNUNG (ZUTATENNR,TRENDNR) VALUES (4001,5);
Insert INTO TRENDZUORDNUNG (ZUTATENNR,TRENDNR) VALUES (4001,6);
Insert INTO TRENDZUORDNUNG (ZUTATENNR,TRENDNR) VALUES (4001,7);

-- Wiener Würstchen
Insert INTO TRENDZUORDNUNG (ZUTATENNR,TRENDNR) VALUES (5001,5);

-- Tofu Würstchen
Insert INTO TRENDZUORDNUNG (ZUTATENNR,TRENDNR) VALUES (9001,1);
Insert INTO TRENDZUORDNUNG (ZUTATENNR,TRENDNR) VALUES (9001,2);
Insert INTO TRENDZUORDNUNG (ZUTATENNR,TRENDNR) VALUES (9001,3);
Insert INTO TRENDZUORDNUNG (ZUTATENNR,TRENDNR) VALUES (9001,5);
Insert INTO TRENDZUORDNUNG (ZUTATENNR,TRENDNR) VALUES (9001,6);
Insert INTO TRENDZUORDNUNG (ZUTATENNR,TRENDNR) VALUES (9001,7);

-- Couscous
Insert INTO TRENDZUORDNUNG (ZUTATENNR,TRENDNR) VALUES (6408,1);
Insert INTO TRENDZUORDNUNG (ZUTATENNR,TRENDNR) VALUES (6408,2);
Insert INTO TRENDZUORDNUNG (ZUTATENNR,TRENDNR) VALUES (6408,5);
Insert INTO TRENDZUORDNUNG (ZUTATENNR,TRENDNR) VALUES (6408,6);
Insert INTO TRENDZUORDNUNG (ZUTATENNR,TRENDNR) VALUES (6408,7);

-- Gemüsebrühe
Insert INTO TRENDZUORDNUNG (ZUTATENNR,TRENDNR) VALUES (7043,1);
Insert INTO TRENDZUORDNUNG (ZUTATENNR,TRENDNR) VALUES (7043,2);
Insert INTO TRENDZUORDNUNG (ZUTATENNR,TRENDNR) VALUES (7043,5);
Insert INTO TRENDZUORDNUNG (ZUTATENNR,TRENDNR) VALUES (7043,6);
Insert INTO TRENDZUORDNUNG (ZUTATENNR,TRENDNR) VALUES (7043,7);

-- Kichererbsen
Insert INTO TRENDZUORDNUNG (ZUTATENNR,TRENDNR) VALUES (6300,1);
Insert INTO TRENDZUORDNUNG (ZUTATENNR,TRENDNR) VALUES (6300,2);
Insert INTO TRENDZUORDNUNG (ZUTATENNR,TRENDNR) VALUES (6300,3);
Insert INTO TRENDZUORDNUNG (ZUTATENNR,TRENDNR) VALUES (6300,4);
Insert INTO TRENDZUORDNUNG (ZUTATENNR,TRENDNR) VALUES (6300,5);
Insert INTO TRENDZUORDNUNG (ZUTATENNR,TRENDNR) VALUES (6300,6);
Insert INTO TRENDZUORDNUNG (ZUTATENNR,TRENDNR) VALUES (6300,7);

INSERT INTO BESTELLUNG (KUNDENNR, BESTELLDATUM, RECHNUNGSBETRAG) VALUES (2001,'2020-07-01', 6.21);

INSERT INTO BESTELLUNG (KUNDENNR, BESTELLDATUM, RECHNUNGSBETRAG) VALUES (2002,'2020-07-08', 32.96);

INSERT INTO BESTELLUNG (KUNDENNR, BESTELLDATUM, RECHNUNGSBETRAG) VALUES (2003,'2020-08-01',24.08);

INSERT INTO BESTELLUNG (KUNDENNR, BESTELLDATUM, RECHNUNGSBETRAG) VALUES (2004,'2020-08-02', 19.90);

INSERT INTO BESTELLUNG (KUNDENNR, BESTELLDATUM, RECHNUNGSBETRAG) VALUES (2005,'2020-08-02', 6.47);

INSERT INTO BESTELLUNG (KUNDENNR, BESTELLDATUM, RECHNUNGSBETRAG) VALUES (2006,'2020-08-10', 6.96);

INSERT INTO BESTELLUNG (KUNDENNR, BESTELLDATUM, RECHNUNGSBETRAG) VALUES (2007,'2020-08-10', 2.41);

INSERT INTO BESTELLUNG (KUNDENNR, BESTELLDATUM, RECHNUNGSBETRAG) VALUES (2008,'2020-08-10', 13.80);

INSERT INTO BESTELLUNG (KUNDENNR, BESTELLDATUM, RECHNUNGSBETRAG) VALUES (2009,'2020-08-10', 8.67);

INSERT INTO BESTELLUNG (KUNDENNR, BESTELLDATUM, RECHNUNGSBETRAG) VALUES (2007,'2020-08-15', 17.98);

INSERT INTO BESTELLUNG (KUNDENNR, BESTELLDATUM, RECHNUNGSBETRAG) VALUES (2005,'2020-08-12', 8.67);

INSERT INTO BESTELLUNG (KUNDENNR, BESTELLDATUM, RECHNUNGSBETRAG) VALUES (2003,'2020-08-13', 20.87);


INSERT INTO BESTELLUNGZUTAT(BESTELLNR, ZUTATENNR, MENGE) VALUES (1, 1001, 5);

INSERT INTO BESTELLUNGZUTAT(BESTELLNR, ZUTATENNR, MENGE) VALUES (1, 1002, 3);

INSERT INTO BESTELLUNGZUTAT(BESTELLNR, ZUTATENNR, MENGE) VALUES (1, 1006, 2);

INSERT INTO BESTELLUNGZUTAT(BESTELLNR, ZUTATENNR, MENGE) VALUES (1, 1004, 3);

INSERT INTO BESTELLUNGZUTAT(BESTELLNR, ZUTATENNR, MENGE) VALUES (2, 9001, 10);

INSERT INTO BESTELLUNGZUTAT(BESTELLNR, ZUTATENNR, MENGE) VALUES (2, 1005, 5);

INSERT INTO BESTELLUNGZUTAT(BESTELLNR, ZUTATENNR, MENGE) VALUES (2, 1003, 4);

INSERT INTO BESTELLUNGZUTAT(BESTELLNR, ZUTATENNR, MENGE) VALUES (2, 6408, 5);

INSERT INTO BESTELLUNGZUTAT(BESTELLNR, ZUTATENNR, MENGE) VALUES (3, 6300, 15);

INSERT INTO BESTELLUNGZUTAT(BESTELLNR, ZUTATENNR, MENGE) VALUES (3, 3001, 5);

INSERT INTO BESTELLUNGZUTAT(BESTELLNR, ZUTATENNR, MENGE) VALUES (4, 5001, 7);

INSERT INTO BESTELLUNGZUTAT(BESTELLNR, ZUTATENNR, MENGE) VALUES (4, 3003, 2);

INSERT INTO BESTELLUNGZUTAT(BESTELLNR, ZUTATENNR, MENGE) VALUES (5, 1002, 4);

INSERT INTO BESTELLUNGZUTAT(BESTELLNR, ZUTATENNR, MENGE) VALUES (5, 1004, 5);

INSERT INTO BESTELLUNGZUTAT(BESTELLNR, ZUTATENNR, MENGE) VALUES (5, 1001, 5);

INSERT INTO BESTELLUNGZUTAT(BESTELLNR, ZUTATENNR, MENGE) VALUES (7, 1009, 9);

INSERT INTO BESTELLUNGZUTAT(BESTELLNR, ZUTATENNR, MENGE) VALUES (6, 1010, 5);

INSERT INTO BESTELLUNGZUTAT(BESTELLNR, ZUTATENNR, MENGE) VALUES (8, 1012, 5);

INSERT INTO BESTELLUNGZUTAT(BESTELLNR, ZUTATENNR, MENGE) VALUES (8, 1008, 7);

INSERT INTO BESTELLUNGZUTAT(BESTELLNR, ZUTATENNR, MENGE) VALUES (9, 1007, 4);

INSERT INTO BESTELLUNGZUTAT(BESTELLNR, ZUTATENNR, MENGE) VALUES (9, 1012, 5);

INSERT INTO BESTELLUNGZUTAT(BESTELLNR, ZUTATENNR, MENGE) VALUES (10, 1011, 7);

INSERT INTO BESTELLUNGZUTAT(BESTELLNR, ZUTATENNR, MENGE) VALUES (10, 4001, 7);

INSERT INTO BESTELLUNGZUTAT(BESTELLNR, ZUTATENNR, MENGE) VALUES (11, 5001, 2);

INSERT INTO BESTELLUNGZUTAT(BESTELLNR, ZUTATENNR, MENGE) VALUES (11, 1012, 5);

INSERT INTO BESTELLUNGZUTAT(BESTELLNR, ZUTATENNR, MENGE) VALUES (12, 1010, 15);

INSERT INTO REZEPT (REZEPTNR,REZEPTNAME,ZUBEREITUNG) VALUES (1023,'Pizzabelag','Tomaten und Mozzarella in Scheiben schneiden. \nPizza großzügig damit belegen. Nach dem Backen mit frischem Basilikum garnieren.');
INSERT INTO REZEPTZUTAT (ZUTATENNR,REZEPTNR,MENGE) VALUES (1003,1023,5);
INSERT INTO REZEPTZUTAT (ZUTATENNR,REZEPTNR,MENGE) VALUES (1010,1023,4);
INSERT INTO REZEPTZUTAT (ZUTATENNR,REZEPTNR,MENGE) VALUES (3002,1023,10);
INSERT INTO REZEPT (REZEPTNR,REZEPTNAME,ZUBEREITUNG) VALUES (1024,'Fallafeln','
    Bevor du den Falafelteig zubereitest, musst du die getrockneten Kichererbsen für mindestens 12 Stunden in Wasser einlegen. Das Wasser schüttest du dann weg und wäschst die Kichererbsen noch einmal ab.
    Für den Falafelteig musst du zunächst Knoblauch und Zwiebel schälen.\n
    Gib dann die Kichererbsen,  Schnittlauch und Mozzarella in einen Mixer oder eine Küchenmaschine. Alternativ kannst du auch mit einem Handrührgerät alles vermixen.
    Ist alles zu einer cremigen Masse vermixt, würzt du den Teig nach Belieben. Dann alles noch einmal gut vermischen.\n
    Feuchte nun deine Hände mit etwas Wasser an und forme kleine Bällchen aus dem Teig.\n
    Brate die Falafel-Bällchen nun in einer Pfanne mit viel Öl von allen Seiten für etwa drei Minuten an. Sobald sie goldbraun sind, kannst du sie servieren.
');
INSERT INTO REZEPTZUTAT (ZUTATENNR,REZEPTNR,MENGE) VALUES (6300,1024,2);
INSERT INTO REZEPTZUTAT (ZUTATENNR,REZEPTNR,MENGE) VALUES (1012,1024,1);
INSERT INTO REZEPTZUTAT (ZUTATENNR,REZEPTNR,MENGE) VALUES (3002,1024,5);
INSERT INTO REZEPT (REZEPTNR,REZEPTNAME,ZUBEREITUNG) VALUES (1025,'Bauernfruehstueck','Zuerst die Süßkartoffeln kochen.\n
In der Zwischenzeit Zwiebeln kleinschneiden und in einer Pfanne braten.\n
In einer Tasse die Eier verquirlen (je nach Hunger pro Portion 2 oder 3).\n
Wenn die Süßkartoffeln gar sind, in Scheiben schneiden und in die Pfanne zu den Zwiebeln geben.
Die Pfanne nicht voll machen. Immer mal wenden. Wenn alles schön braun gebrutzelt ist, 
alles in die eine Hälfte der Pfanne schieben und und das gequirlte Ei über das Ganze gießen. \n
Jetzt läuft das Ei auch in die leere Pfannenhälfte. Sobald das Ei fest ist, die "Nur-Ei-Hälfte" 
mit einem Pfannenwender über die "volle" Hälfte schlagen und alles auf einen Teller legen.\n
Am Schluss noch mit etwas Grün nach Bedarf garnieren. ');
INSERT INTO REZEPTZUTAT (ZUTATENNR,REZEPTNR,MENGE) VALUES (4001,1025,3);
INSERT INTO REZEPTZUTAT (ZUTATENNR,REZEPTNR,MENGE) VALUES (1011,1025,4);
INSERT INTO REZEPTZUTAT (ZUTATENNR,REZEPTNR,MENGE) VALUES (1002,1025,1);
INSERT INTO REZEPT (REZEPTNR,REZEPTNAME,ZUBEREITUNG) VALUES (1026,'Wurst und Spiegelei', 'Wurst in der Pfanne schön dunkel braten. Das ist wichtig für die Röstaromen.\n Die Wurst aus der Pfanne holen, das Fett noch drin lassen. Das Ei aufschlagen und im Wurstfett braten. \nZusammmen mit dem Fett über die Wurst geben und servieren. Guten Appetit!');
INSERT INTO REZEPTZUTAT (ZUTATENNR,REZEPTNR,MENGE) VALUES (5001,1026,2);
INSERT INTO REZEPTZUTAT (ZUTATENNR,REZEPTNR,MENGE) VALUES (4001,1026,2);
INSERT INTO REZEPT (REZEPTNR,REZEPTNAME,ZUBEREITUNG) VALUES (1027,'Hasenfutter','Karotten und Äpfel gut abwaschen und kleinschneiden. \nDen Schnittlauch mit einer Schere in der gewünschten Menge abscheiden. \nAlles gut vermengen. Fertig');
INSERT INTO REZEPTZUTAT (ZUTATENNR,REZEPTNR,MENGE) VALUES (1005,1027,4);
INSERT INTO REZEPTZUTAT (ZUTATENNR,REZEPTNR,MENGE) VALUES (1012,1027,2);
INSERT INTO REZEPTZUTAT (ZUTATENNR,REZEPTNR,MENGE) VALUES (2001,1027,1);
INSERT INTO REZEPT (REZEPTNR,REZEPTNAME,ZUBEREITUNG) VALUES (1028,'Apfel','An apple a day keeps the doctor away!');
INSERT INTO REZEPTZUTAT (ZUTATENNR,REZEPTNR,MENGE)	VALUES (2001, 1028, 1);


COMMIT WORK;




